query,search_engine,plagiarized
"Increase your aerobic and power capacity: The fixie bikes simply help in increasing the",google,True
"The loss of energy regularly goes down with the efficiency getting up as and",google,True
"Hence when you see riding over these fixed gears based bikes in the winter",google,True
"The increased number of aerobic capacity is seen with high range of cadence or",google,True
'"resting on the fixed gear, the riders are seen enjoying the pressure that comes from"',google,True
"gear bikes requires accurate pedaling as you may not find any kind of coasting or",google,True
"when the rider is seen picking up the speed with the help of one muscle",google,True
'"Boost up the muscular endurance: When you see your muscles getting fatigued, you are"',google,True
"Superior traction restrict: As you see the feet always in an electrifying condition and",google,True
'"At the lactate threshold or some other extent, the muscles produce more amount of"',google,True
'"The fixed gear bicycle runs over one gear, which move when the riders are seen"',google,True
'"With the passage of time, these consistent efforts could result you in getting a muscular endurance"',google,True
"Several of these merits are discussed as under: Enhance the pedal stroke: The fixed",google,True
'"Apart from reaping the experience benefits, you could also end up getting safety benefits"',google,True
