[{
  "article_filename": "/home/nikolai/Projects/work/plag_check/test_articles/a2",
  "checked_on": "2015-02-20T12:49:46.484087",
  "matched_in_percent": 66.67,
  "results": [
    {
      "plagiarized": true,
      "query": "\"Increase your aerobic and power capacity: The fixie bikes simply help in increasing the\"",
      "search_engine": "google"
    },
    {
      "plagiarized": true,
      "query": "\"The loss of energy regularly goes down with the efficiency getting up as and\"",
      "search_engine": "google"
    },
    {
      "plagiarized": true,
      "query": "\"Hence when you see riding over these fixed gears based bikes in the winter\"",
      "search_engine": "google"
    },
    {
      "plagiarized": true,
      "query": "\"The increased number of aerobic capacity is seen with high range of cadence or\"",
      "search_engine": "google"
    },
    {
      "plagiarized": true,
      "query": "\"resting on the fixed gear, the riders are seen enjoying the pressure that comes from\"",
      "search_engine": "google"
    },
    {
      "plagiarized": true,
      "query": "\"gear bikes requires accurate pedaling as you may not find any kind of coasting or\"",
      "search_engine": "google"
    },
    {
      "plagiarized": true,
      "query": "\"when the rider is seen picking up the speed with the help of one muscle\"",
      "search_engine": "google"
    },
    {
      "plagiarized": true,
      "query": "\"Boost up the muscular endurance: When you see your muscles getting fatigued, you are\"",
      "search_engine": "google"
    },
    {
      "plagiarized": true,
      "query": "\"Superior traction restrict: As you see the feet always in an electrifying condition and\"",
      "search_engine": "google"
    },
    {
      "plagiarized": true,
      "query": "\"At the lactate threshold or some other extent, the muscles produce more amount of\"",
      "search_engine": "google"
    },
    {
      "plagiarized": true,
      "query": "\"The fixed gear bicycle runs over one gear, which move when the riders are seen\"",
      "search_engine": "google"
    },
    {
      "plagiarized": true,
      "query": "\"With the passage of time, these consistent efforts could result you in getting a muscular endurance\"",
      "search_engine": "google"
    },
    {
      "plagiarized": true,
      "query": "\"Several of these merits are discussed as under: Enhance the pedal stroke: The fixed\"",
      "search_engine": "google"
    },
    {
      "plagiarized": true,
      "query": "\"Apart from reaping the experience benefits, you could also end up getting safety benefits\"",
      "search_engine": "google"
    }
  ]
}]