[{
  "article_filename": "/home/nikolai/Projects/work/plag_check/test_articles/comp",
  "checked_on": "2015-02-13T13:03:12.271796",
  "matched_in_percent": 100.0,
  "results": [
    {
      "plagiarized": true,
      "query": "\"If you don't have an existing internet service and a cable modem then you'd\"",
      "search_engine": "bing"
    },
    {
      "plagiarized": true,
      "query": "\"If this is the case, then you're ready to begin your wireless setup\"",
      "search_engine": "bing"
    },
    {
      "plagiarized": true,
      "query": "\"If you plan on making an older desktop PC wireless then you should really\"",
      "search_engine": "bing"
    },
    {
      "plagiarized": true,
      "query": "\"What I mean by good working order is just to make sure the desktop\"",
      "search_engine": "bing"
    },
    {
      "plagiarized": true,
      "query": "\"If you've never owned a wireless router before then grabbing the most expensive model\"",
      "search_engine": "bing"
    },
    {
      "plagiarized": true,
      "query": "\"WHATS NEEDED TO MAKE DESKTOP PC WIRELESS Let's start by assuming you already have\"",
      "search_engine": "bing"
    },
    {
      "plagiarized": true,
      "query": "\"better stop reading this because a wireless internet connection on your desktop PC can't be\"",
      "search_engine": "bing"
    },
    {
      "plagiarized": true,
      "query": "\"scan your computer for spyware and infections because the last thing you want is something\"",
      "search_engine": "bing"
    },
    {
      "plagiarized": true,
      "query": "\"PC is free of unwanted spyware and other harmful files which could make a desktop\"",
      "search_engine": "bing"
    },
    {
      "plagiarized": true,
      "query": "\"MAKING PC WIRELESS - WIRELESS ROUTER First, before anything, you need to purchase a wireless router\"",
      "search_engine": "bing"
    },
    {
      "plagiarized": true,
      "query": "\"Remember when you go ahead and purchase a wireless router in hopes of making\"",
      "search_engine": "bing"
    },
    {
      "plagiarized": true,
      "query": "\"probably won't benefit you all that much unless you plan on receiving a wireless internet\"",
      "search_engine": "bing"
    },
    {
      "plagiarized": true,
      "query": "\"your desktop computer wireless you'll be happy to know that you'll be halfway done with\"",
      "search_engine": "bing"
    },
    {
      "plagiarized": true,
      "query": "\"In this case a more expensive router will offer a few features that are\"",
      "search_engine": "bing"
    }
  ]
}]