query,search_engine,plagiarized
'"If you don''t have an existing internet service and a cable modem then you''d"',bing,True
'"If this is the case, then you''re ready to begin your wireless setup"',bing,True
"If you plan on making an older desktop PC wireless then you should really",bing,True
"What I mean by good working order is just to make sure the desktop",bing,True
'"If you''ve never owned a wireless router before then grabbing the most expensive model"',bing,True
'"WHATS NEEDED TO MAKE DESKTOP PC WIRELESS Let''s start by assuming you already have"',bing,True
'"better stop reading this because a wireless internet connection on your desktop PC can''t be"',bing,True
"scan your computer for spyware and infections because the last thing you want is something",bing,True
"PC is free of unwanted spyware and other harmful files which could make a desktop",bing,True
'"MAKING PC WIRELESS - WIRELESS ROUTER First, before anything, you need to purchase a wireless router"',bing,True
"Remember when you go ahead and purchase a wireless router in hopes of making",bing,True
'"probably won''t benefit you all that much unless you plan on receiving a wireless internet"',bing,True
'"your desktop computer wireless you''ll be happy to know that you''ll be halfway done with"',bing,True
"In this case a more expensive router will offer a few features that are",bing,True
